account,tweets,compound
BDA_Dietitians,2549,0.44706959591996864
CollegeOptomUK,1984,0.30977681451612904
gmcuk,2004,0.4782773952095808
ParamedicsUK,2213,0.3370284681427926
nmcnews,2883,0.3552473465140479
RCSLT,1294,0.4419795981452859
RoySocMed,2555,0.3304984344422701
rpharms,2609,0.422655538520506
SCoRMembers,582,0.3365895189003436
thecsp,1628,0.35168249385749384
theRCN,2501,0.4196344262295082
theRCOT,2472,0.47777495954692556
theRCVS,1702,0.4249275558166863
UKCP_Updates,2713,0.12086398820493918
